店舗名,電話番号,都道府県,市区町村,番地,建物名,URL,SSL
全席完全個室 地鶏・鮮魚 金沢屋 金沢片町本店,,石川県,金沢市,片町1-7-23 金劇パシオン2F,,https://ra1b600.gorp.jp/,True
【個室完備】名古屋熱狂酒房 ごくらく邸 名駅３丁目店,,愛知県,名古屋市中村区,名駅3-18-9 MIZUNOビル2F,,https://nccc900.gorp.jp/,True
八王子乾杯酒場,,東京都,八王子市,東町1-11 久保田ビル4F,,https://gh21209.gorp.jp/,True
横丁カンパイ酒Bar 吉祥寺ハーモニカ横丁店,,東京都,武蔵野市,吉祥寺本町1-1-2 ハーモニカ横丁,,https://gjuw600.gorp.jp/,True
個室完備炉端焼きとマグロと土鍋御飯 紅炎 東京八重洲店,,東京都,中央区,日本橋3-2-16 マスヤビルB1,,https://gj96200.gorp.jp/,True
CAFE ＆ DINING POKKE,,東京都,港区,麻布台3-1-6 BLUE BLDG.AZABUDAI2F,,https://gjv6600.gorp.jp/,True
ビアポンバーGROVE上野鈴蘭店,,東京都,台東区,上野4-8-6 プラザUビル7F,,https://ggar937.gorp.jp/,True
個室居酒屋 錦治郎 錦糸町店,,東京都,墨田区,江東橋2-6-7 マーキュリー錦糸町ビル2 7F,,https://gjuk200.gorp.jp/,True
あぐーしゃぶしゃぶ 炊き肉 やま田 恩納村店,,沖縄県,国頭郡恩納村,字冨着623 オーシャンフロント1F,,https://fbyc302.gorp.jp/,True
【全席個室】市場直送 炭火とさかな 浜の家 有楽町店,,東京都,千代田区,有楽町1-2-9 TS日比谷ビル4F,,https://gjnc703.gorp.jp/,True
焼き鳥食べ放題居酒屋 sita（シータ） 麴町,,東京都,千代田区,平河町1-3-8 1F,,https://gjuy000.gorp.jp/,True
【6／11OPEN】全席個室 めしや 梵～soyogi～名古屋本店,,愛知県,名古屋市中村区,名駅4-13-13 名駅FGビル5F,,https://nccj800.gorp.jp/,True
個室完備 肉の酒場 囲 大宮店,,埼玉県,さいたま市大宮区,宮町1-54 小林ビル2F,,https://ghwj400.gorp.jp/,True
河南料理 掌櫃（しょうき）池袋,,東京都,豊島区,西池袋1-35-7,,https://gjuf800.gorp.jp/,True
【扉付き完全個室】 酒と和食 嗜好場 川崎店,,神奈川県,川崎市川崎区,砂子2-7-11 3F,,https://gj91402.gorp.jp/,True
日本橋 天ぷら 天丸,,東京都,中央区,日本橋2-2-16 共立日本橋ビルB1,,https://e801505.gorp.jp/,True
シュラスコ＆ビアレストラン ALEGRIA 小倉,,福岡県,北九州市小倉北区,魚町2-3-19 ロンドビル1F,,https://fc5c700.gorp.jp/,True
博多中洲屋台村 なんしょっと？ 横浜本店【個室完備】,,神奈川県,横浜市神奈川区,鶴屋町3-32-19 青柳ビル1F,,https://gj8r205.gorp.jp/,True
【全席個室】47都道府県の日本酒と炉端焼き 煙屋 有楽町店,,東京都,千代田区,有楽町1-2-9 TS日比谷ビル4F,,https://gjnc702.gorp.jp/,True
地鶏と鮮魚 焼き鳥職人 炭 ‐ 八王子店 ‐【個室完備】,,東京都,八王子市,三,崎町4-3,https://gj8r206.gorp.jp/,True
魚鳥 一座 桜木町店,,神奈川県,横浜市中区,花咲町1-36 フルーレ花咲5F,,https://gjn2500.gorp.jp/,True
天ぷらとおでん 海鮮 個室 居酒屋 飲み放題 天串 春日井駅前店,,愛知県,春日井市,上条町1-176 エクセル春日井1F,,https://n169684.gorp.jp/,True
馬肉料理 和牛もつ鍋 姫桜,,北海道,札幌市中央区,南5条西4-1-1 N・Starビル7F,,https://ha2t301.gorp.jp/,True
もつ焼 ディープ 蒲田店,,東京都,大田区,西蒲田7-4-3 カーサ蒲田1F,,https://gjdz004.gorp.jp/,True
肉とビストロ is 池袋西口店,,東京都,豊島区,池袋2-57-11 鷲山ビル1F,,https://gjuf700.gorp.jp/,True
炉端とおでん 呼炉凪来 蒲田店,,東京都,大田区,西蒲田7-4-3 カーサ蒲田1F,,https://gjdz409.gorp.jp/,True
寿司と和牛すき焼き 宮ざわ,,東京都,港区,芝5-9-8 GEMS 4F,,https://ghkf404.gorp.jp/,True
博多もつ鍋 おおやま 栄HAERA店,,愛知県,名古屋市中区,錦3-25-1 HAERA B2,,https://nccd300.gorp.jp/,True
焼肉 美舌 すすきの,,北海道,札幌市中央区,南6条西6-7-1 第6旭観光ビル1F,,https://www.instagram.com/yakiniku.mi_tan/,True
裏の山の木の子 梅田,,大阪府,大阪市北区,芝田1-3-1 ギャザ阪急6F,,https://kesk400.gorp.jp/,True
三九厨房 大森店,,東京都,大田区,大森北1-3-10 1F,,https://gjv3300.gorp.jp/,True
物語PASTA×LORO,,新潟県,新潟市中央区,神道寺南2-7-33 宮永ビル1F,,https://r981704.gorp.jp/,True
ラーメン＆もんじゃ酒場 いちもんじ,,東京都,杉並区,下井草5-11-10 エヴァーグリーン井荻B1,,https://gj8a301.gorp.jp/,True
お鍋と炭火焼き 頂希マス,,奈良県,橿原市,石川町425 オークマンション1F,,https://kest600.gorp.jp/,True
中華火鍋 食べ放題 南国亭 新宿店,,東京都,新宿区,新宿5-18-20,,#,False
わら焼き小屋 個室居酒屋 た藁や 大和西大寺店,,奈良県,奈良市,西大寺栄町3-15,,https://kesv800.gorp.jp/,True
Mongolian restaurant 西川口,,埼玉県,川口市,西川口1-9-14 ベルタウン3F,,https://gjv1800.gorp.jp/,True
やきとん三吉 新宿店,,東京都,新宿区,新宿3-35-10 1F,,https://gg8y910.gorp.jp/,True
中華火鍋 食べ放題 南国亭 浜松町大門店,,東京都,港区,芝大門2-3-6 大門アーバニストB1,,#,False
静岡おでんと旬魚 水の尾,,東京都,渋谷区,道玄坂1-17-10 第2宝ビルB1,,https://gjv3900.gorp.jp/,True
プレミアム播州酒場,,兵庫県,姫路市,立町4 2F,,https://kese802.gorp.jp/,True
中華火鍋 食べ放題 南国亭 赤坂店,,東京都,港区,赤坂2-10-2 吉川ビル1F,,#,False
BBQキング 伊勢原店,,神奈川県,伊勢原市,桜台1-10-21 2F,,https://gjuj300.gorp.jp/,True
中華火鍋 食べ放題 南国亭 神田淡路町店,,東京都,千代田区,神田淡路町1-4-3 HT淡路町ビル,,#,False
ダーツ＆パーティー REGALO（レガロ）岡山駅前店,,岡山県,岡山市北区,本町5-6 2F,,https://regalo.dkdining.com/okayamaekimae/,True
居酒屋革命 酔っ手羽 香椎駅前店,,福岡県,福岡市東区,香椎駅前1-13-2 ガーデンテラス香椎駅前2F,,https://fc59000.gorp.jp/,True
播州酒場,,兵庫県,姫路市,駅前町308,,https://kese801.gorp.jp/,True
SALUQ,,東京都,渋谷区,道玄坂2-8-9 市橋ビル5F,,https://gjus300.gorp.jp/,True
青沼KOKEKOKKO,,北海道,帯広市,西2条南10-18-1,,https://ha8a100.gorp.jp/,True
焼肉 やん,,東京都,台東区,上野6-8-4,,https://g091211.gorp.jp/,True
